Athlete,Organization,Sport,Location,League,Injury,Expected duration,Financial impact ($),Financial impact (calculation),Team/game impact,Date reported,Source,Source URL
Kamilla Cardoso,Chicago Sky (WNBA),Basketball,"Chicago, Illinois",WNBA,Right knee injury,Listed questionable for the Sky's July 16 game vs. the Seattle Storm; in danger of missing her first game of the season,706,"prorated sunk cost (annual salary ~$85,873 per Spotrac ÷ 365 × 3 days out) [questionable status, day-to-day default]",Would be the first missed game of the season for the No. 3 overall 2024 pick if she sits; Elizabeth Williams poised for a spot start,2026-07-15,"Athlon Sports - Final Injury Report for Storm-Sky: Will Kamilla Cardoso, Skylar Diggins Play?",https://athlonsports.com/wnba/chicago-sky/final-injury-report-for-storm-sky-will-kamilla-cardoso-skylar-diggins-play
Junior Caminero,Tampa Bay Rays (MLB),Baseball,"St. Petersburg, Florida",MLB,Right hand injury after being hit by a pitch during the 2026 All-Star Game; X-rays came back negative,Day-to-day; no injured list move reported following negative X-rays,6532,"prorated sunk cost (annual salary ~$794,800 per Spotrac ÷ 365 × 3 days out)",Rays monitor their All-Star third baseman's availability for the second half after the All-Star Game scare,2026-07-14,DraftKings Network - What happened to Junior Caminero? Injury updates for 2026 MLB All-Star Game,https://dknetwork.draftkings.com/2026/07/14/what-happened-to-junior-caminero-injury-updates-for-2026-mlb-all-star-game/
Trey Alexander,Utah Jazz (NBA) — Las Vegas Summer League,Basketball,"Salt Lake City, Utah (team); Las Vegas, Nevada (Summer League site)",NBA Summer League,Rib contusion sustained driving to the basket; taken off the court on a stretcher,Not specified in available reporting; team confirmed rib contusion diagnosis a day after the injury,5579,"prorated sunk cost (annual salary ~$678,882 (two-way) per Hoops Rumors ÷ 365 × 3 days out) [assumption: no timeline given, day-to-day default]",Jazz lose a newly-signed two-way guard for Summer League evaluation reps after a scary stretcher exit,2026-07-14,Yahoo Sports - Jazz guard Trey Alexander leaves Summer League game on stretcher with rib contusion,https://sports.yahoo.com/nba/breaking-news/article/jazz-guard-trey-alexander-leaves-summer-league-game-on-stretcher-with-rib-contusion-055652310.html
William Saliba,Arsenal (Premier League) / France National Team (2026 FIFA World Cup),Soccer,"London, England",International Soccer,Recurrence of a back issue carried since Arsenal's Champions League final; forced off around the 29th minute of France's World Cup semifinal loss to Spain,No diagnosis or return timeline disclosed; had been managing the issue throughout the World Cup,,Not applicable — no fixed salary information available for this national-team context,"Compounds France's growing injury list in a 0-2 semifinal defeat; replaced by Crystal Palace's Maxence Lacroix, with Arsenal also monitoring the issue heading into preseason",2026-07-14,beIN Sports - William Saliba leaves the field injured and in tears during the 2026 World Cup semifinal between France and Spain,https://www.beinsports.com/en-us/soccer/fifa-world-cup-2026/articles/france-suffers-an-unexpected-blow-that-brings-back-a-painful-scene-from-the-last-world-cup-2026-07-14
Chris Harper,Q36.5 Pro Cycling Team (Tour de France) — Australia,Cycling,"Zurich, Switzerland (team HQ)",UCI ProTeam / Tour de France,"Serious injury to the thumb of his left hand, sustained in a crash on the descent of the Puy Mary during stage 10 (same corner where Tom Pidcock and Matteo Jorgenson also crashed); underwent surgery",Unable to start stage 11; withdrew from the Tour de France; recovery timeline not specified in available reporting,,"Not disclosed in available reporting — no specific prize money forfeiture figure found Potential prize money at stake (ceiling, not a claim of what the athlete would have won): €2,302,800 (~$2.6M) total tournament prize purse for the 2026 Tour de France (per Velo/Outside Online).",Q36.5 Pro Cycling Team loses a rider mid-Tour after a dangerous descent that felled multiple riders,2026-07-14,idlprocycling - Chris Harper withdraws from the Tour de France with a 'serious injury' after crash in same turn as Pidcock,https://www.idlprocycling.com/cycling/chris-harper-withdraws-from-the-tour-de-france-with-a-serious-injury-after-crash-in-same-turn-as-pidcock
Kierstan Bell,Las Vegas Aces (WNBA),Basketball,"Las Vegas, Nevada",WNBA,Right leg injury (specific diagnosis not disclosed in available reporting),Ruled out for the Aces' July 13 game vs. the Indiana Fever; no return timeline given,2281,"prorated sunk cost (annual salary ~$277,500 per Spotrac ÷ 365 × 3 days out) [assumption: single-game absence, no timeline, day-to-day default]","Aces without a rotation forward who had recently moved into the starting lineup, adding to the team's list of unavailable players",2026-07-13,Yahoo Sports - Final Injury Report for Fever-Aces: Will Caitlin Clark Play?,https://sports.yahoo.com/articles/final-injury-report-fever-aces-210000827.html
Izaiyah Nelson,Orlando Magic (NBA Summer League),Basketball,"Orlando, Florida",NBA Summer League,"Ankle fracture, sustained landing awkwardly after a chase-down block attempt",Will undergo surgery; ruled out for the remainder of Summer League,13020,"prorated sunk cost (annual salary ~$678,882 (two-way) per Hoops Rumors ÷ 365 × 7 days out) [assumption: ruled out for remainder of NBA Summer League (~July 13-20); true post-surgery recovery likely longer but not specified]",Magic lose their second-round pick's Summer League evaluation window,2026-07-13,NBC Sports - Magic second-round pick Izaiyah Nelson will have surgery on ankle fracture suffered at Summer League,https://www.nbcsports.com/nba/news/magic-second-round-pick-izaiyah-nelson-will-have-surgery-on-ankle-fracture-suffered-at-summer-league
Ace Bailey,Utah Jazz (NBA Summer League),Basketball,"Salt Lake City, Utah",NBA Summer League,"Recurring back spasms, first flared up during Salt Lake City Summer League and recurred in Las Vegas",Did not return after halftime on July 13 vs. Portland; held out of the July 14 game vs. Chicago as the Jazz prioritize long-term health,78272,"prorated sunk cost (annual salary ~$9.52M per Spotrac ÷ 365 × 3 days out) [assumption: held out as precaution, no formal diagnosis/timeline, day-to-day default]",Jazz hold their 2025 lottery pick out of further Summer League action out of caution,2026-07-13,SI - Ace Bailey's Latest Injury Could End His Jazz Summer League Run,https://www.si.com/nba/jazz/onsi/ace-bailey-s-latest-injury-could-end-his-jazz-summer-league-run
Kevin Holland,UFC,Mixed Martial Arts,"N/A — individual fighter, not tied to a team location",UFC,Undisclosed injury,Pulled from his scheduled bout with Jacobe Smith at UFC Oklahoma City (July 18); bout removed from the card,,Not disclosed in available reporting — no specific prize money forfeiture figure found,Not disclosed in available reporting,2026-07-13,UFC.com - Updates To UFC Oklahoma City,https://www.ufc.com/news/updates-ufc-oklahoma-city
Veronica Hardy,UFC,Mixed Martial Arts,"N/A — individual fighter, not tied to a team location",UFC,Undisclosed injury,Pulled from her flyweight bout with Dione Barbosa at UFC Oklahoma City (July 18); replaced by Anna Melisano,,Not disclosed in available reporting — no specific prize money forfeiture figure found,Not disclosed in available reporting,2026-07-13,UFC.com - Updates To UFC Oklahoma City,https://www.ufc.com/news/updates-ufc-oklahoma-city
Max Whitlock,Team England (Commonwealth Games) / British Gymnastics,Gymnastics,England,Commonwealth Games / British Gymnastics,"Hand injury, sustained in training","Withdrew from the Glasgow 2026 Commonwealth Games (July 23-Aug 2), announced 10 days before the Games began",,Not applicable — no fixed salary information available for this national-team context,Removes the three-time Olympic and 10-time Commonwealth Games medalist pommel horse specialist from Team England's squad,2026-07-13,Olympics.com - Max Whitlock withdraws from Glasgow 2026 Commonwealth Games with hand injury,https://www.olympics.com/en/news/max-whitlock-withdraws-glasgow-2026-commonwealth-games-with-hand-injury
Louis Oosthuizen,PGA Tour / LIV Golf,Golf,"N/A — individual tour athlete, no fixed team location",PGA Tour / LIV Golf,Back injury,Withdrew from The Open Championship at Royal Birkdale; also pulled out of next week's LIV Golf event at JCB Golf & Country Club,,"Not disclosed in available reporting — no specific prize money forfeiture figure found Potential prize money at stake (ceiling, not a claim of what the athlete would have won): $17.75M total tournament prize purse for the 2026 Open Championship at Royal Birkdale (per Forbes/PGA Tour).",Removes the 2010 Open champion from the 156-man field; Aldrich Potgieter promoted as first alternate,2026-07-13,Golf Monthly - Past Champion Louis Oosthuizen Forced To Withdraw From 2026 Open Due To Injury,https://www.golfmonthly.com/news/louis-oosthuizen-forced-to-withdraw-from-2026-open-due-to-injury
Alex Mitchell,England national team / British & Irish Lions,Rugby Union,England,Rugby Union (Nations Championship / Lions),"Hamstring injury, sustained 9 minutes after coming on as a second-half replacement vs. Fiji; his third hamstring injury of the season",Ruled out of England's final Nations Championship match against Argentina in Santiago del Estero,,Not applicable — no fixed salary information available for this national-team context,England loses its first-choice scrum-half for the climax of the July tour,2026-07-13,RugbyPass - Steve Borthwick confirms series-ending injury to take sheen off England win,https://www.rugbypass.com/news/injured-alex-mitchell-ruled-out-of-argentina-clash-after-england-hammer-fiji/
Leon Marchand,France national team (Swimming),Swimming,France,International Swimming (national federation),"Right adductor muscle injury, felt during the 200m breaststroke heats; suspected lesion, though initial ultrasound/MRI showed no major abnormality",Withdrew from the final three days of the French Championships to continue treatment,,Not disclosed in available reporting — no specific prize money forfeiture figure found,"His place at the European Aquatics Championships Paris 2026 (Aug 10-16) is not in doubt, as he has already qualified in one event",2026-07-13,European Aquatics - Marchand withdraws from rest of French Championships to continue treatment on leg muscle injury,https://europeanaquatics.org/marchand-withdraws-from-rest-of-french-championships-to-continue-treatment-on-leg-muscle-injury/
Damian Penaud,France national team (Rugby Union),Rugby Union,France,Rugby Union (Nations Championship),Calf injury,"Ruled out of France's remaining Nations Championship matches vs. Australia (July 13, Brisbane) and Japan (July 18, Tokyo)",,Not applicable — no fixed salary information available for this national-team context,France loses a starting winger for the rest of its Nations Championship campaign,2026-07-13,NBC Sports - Injured Damian Penaud to miss France games against Australia and Japan in Nations Championship,https://www.nbcsports.com/rugby/news/injured-damian-penaud-to-miss-france-games-against-australia-and-japan-in-nations-championship
Caleb Delany,Hurricanes (Super Rugby Pacific),Rugby Union,"Wellington, New Zealand",Super Rugby Pacific,"Concussion, sustained in the semi-final",Availability for the Super Rugby Pacific Grand Final uncertain pending return-to-play protocols,,"Not disclosed — individual Super Rugby Pacific player salaries are confidential (New Zealand Rugby publishes only general pay-band ranges, not player-specific figures)",Hurricanes risk being without a forward for the Grand Final,2026-07-13,Super Rugby Pacific - Casualty Ward Super Rugby Pacific Grand Final,https://blog.draftrugby.com/p/casualty-ward-super-rugby-pacific-094
Drew Wild,Chiefs (Super Rugby Pacific),Rugby Union,"Hamilton, New Zealand",Super Rugby Pacific,Shoulder injury,Listed as a doubt for the Super Rugby Pacific Grand Final despite hopes of being available,,"Not disclosed — individual Super Rugby Pacific player salaries are confidential (New Zealand Rugby publishes only general pay-band ranges, not player-specific figures)",Chiefs risk being without a forward for the Grand Final,2026-07-13,Super Rugby Pacific - Casualty Ward Super Rugby Pacific Grand Final,https://blog.draftrugby.com/p/casualty-ward-super-rugby-pacific-094
Carlos Rodón,New York Yankees (MLB),Baseball,"New York, New York (Bronx)",MLB,Left elbow inflammation,Resumed throwing daily as of July 13; possible late-July return to the rotation,1109589,"prorated sunk cost (annual salary ~$27M per Spotrac ÷ 365 × 15 days out) [estimate: ~15 days from July 13 to a ""late July"" return target]","Yankees without a rotation starter for a portion of the stretch run, though a return is targeted before the end of the month",2026-07-13,MLB.com - Baseball injury updates,https://www.mlb.com/news/baseball-injury-updates
Jake Fraley,Tampa Bay Rays (MLB),Baseball,"St. Petersburg, Florida",MLB,Setback related to prior sports hernia surgery; renewed groin discomfort during a rehab assignment at Triple-A Durham,"Pulled from his rehab assignment; faces further evaluation before a return timeline is set, having already been out since May with the hernia",41096,prorated sunk cost (annual salary ~$3.0M per Spotrac ÷ 365 × 5 days out) [undetermined additional recovery time following the rehab setback],"Rays' return timeline for their outfielder is pushed back again, prolonging an IL stint that began in May",2026-07-13,Athlon Sports - Rays Player Suffers Unfortunate Injury Setback During Rehab Assignment,https://athlonsports.com/mlb/tampa-bay-rays/rays-jake-fraley-rehab-injury-setback
Cameron Brink,Los Angeles Sparks (WNBA),Basketball,"Los Angeles, California",WNBA,"Left ankle sprain, suffered turning her ankle in a loss to the Golden State Valkyries","Expected out at least two weeks, to be reevaluated after that; coach indicated it could extend longer",18942,"prorated sunk cost (annual salary ~$493,851 per Spotrac ÷ 365 × 14 days out) [expected out at least two weeks]",Sparks lose their starting forward for at least two weeks; unrelated to her prior knee issues,2026-07-12,ESPN - Sparks' Cameron Brink out undetermined time with ankle sprain,https://www.espn.com/wnba/story/_/id/49098901/sparks-cameron-brink-undetermined-ankle-sprain
Mike Yastrzemski,Atlanta Braves (MLB),Baseball,"Atlanta (Cumberland), Georgia",MLB,Left elbow inflammation,Placed on the 10-day injured list,246575,prorated sunk cost (annual salary ~$9M per Spotrac ÷ 365 × 10 days out),Braves lose an outfield bat for at least 10 days,2026-07-12,"Yardbarker - 2026 Injury Report: Updates on Bichette, Lodolo, Misiorowski",https://www.yardbarker.com/mlb/articles/2026_injury_report_updates_on_bichette_lodolo_misiorowski/s1_17653_44053323
Kyle Harrison,Milwaukee Brewers (MLB),Baseball,"Milwaukee, Wisconsin",MLB,Left forearm tightness,"Placed on the 15-day injured list, retroactive to July 9",32305,"prorated sunk cost (annual salary ~$786,100 per Spotrac ÷ 365 × 15 days out)",Brewers lose a starting pitching option for at least 15 days,2026-07-12,"Yardbarker - 2026 Injury Report: Updates on Bichette, Lodolo, Misiorowski",https://www.yardbarker.com/mlb/articles/2026_injury_report_updates_on_bichette_lodolo_misiorowski/s1_17653_44053323
Jhonattan Vegas,PGA Tour,Golf,"N/A — individual tour athlete, no fixed team location",PGA Tour,Shoulder issue,Withdrew from the John Deere Classic and the Genesis Scottish Open,,"Not disclosed in available reporting — no specific prize money forfeiture figure found Potential prize money at stake (ceiling, not a claim of what the athlete would have won): $8.8M total tournament prize purse for the 2026 John Deere Classic (per Golf Channel).",Not disclosed in available reporting,2026-07-12,Heavy.com - $45 Million Golfer & Multiple Others Abruptly Withdraw From Genesis Scottish Open,https://heavy.com/sports/golf/brooks-koepka-withdraw-jon-rahm-genesis-scottish-open/
Mattia Bellucci,ATP Tour,Tennis,"N/A — individual tour athlete, no fixed team location",ATP Tour,"Knee issue, sustained during a Wimbledon warm-up",Withdrew from the Swiss Open Gstaad; had already missed Wimbledon because of the injury,,"Not disclosed in available reporting — no specific prize money forfeiture figure found Potential prize money at stake (ceiling, not a claim of what the athlete would have won): €612,620 total tournament prize purse for the 2026 EFG Swiss Open Gstaad (per Perfect Tennis).",Not disclosed in available reporting,2026-07-12,Last Word on Sports - Five Players Withdraw From the 2026 Swiss Open Gstaad,https://lastwordonsports.com/tennis/2026/07/12/five-players-withdraw-from-the-2026-swiss-open-gstaad/
Maya Joint,WTA Tour,Tennis,"N/A — individual tour athlete, no fixed team location",WTA Tour,"Back injury, described as a season-long issue",Withdrew from WTA Athens to rest ahead of the second half of the season,,"Not disclosed in available reporting — no specific prize money forfeiture figure found Potential prize money at stake (ceiling, not a claim of what the athlete would have won): $283,347 total tournament prize purse for the 2026 Athens Open (WTA 250) (per Perfect Tennis).",Not disclosed in available reporting,2026-07-12,Last Word on Sports - 15 Players Withdraw from WTA Athens and Iasi,https://lastwordonsports.com/tennis/2026/07/12/withdraw-wta-athens-iasi/
Drew Baiera,New York City FC (MLS),Soccer,"New York (Bronx), New York",MLS,"Ruptured ACL, left knee",Will undergo surgery; out for an extended rehabilitation period,1553,"prorated sunk cost (annual salary ~$113,400 per Capology ÷ 365 × 5 days out; no specific recovery timeline disclosed, conservative 5-day default used)",NYCFC loses a defender for the remainder of the season,2026-07-12,MLSsoccer.com - Player Availability Report,https://www.mlssoccer.com/news/mlssoccer-com-injury-report
Jordan Morris,Seattle Sounders (MLS) / U.S. men's national team,Soccer,"Seattle, Washington",MLS,"ACL injury, sustained while on loan at Swansea City",Returning to the U.S. for surgery with Dr. Bert Mandelbaum; out for an extended period,30822,"prorated sunk cost (annual salary ~$2.25M per Capology ÷ 365 × 5 days out; no specific recovery timeline disclosed, conservative 5-day default used)",Sounders and USMNT lose a veteran forward for an extended stretch,2026-07-12,MLSsoccer.com - Player Availability Report,https://www.mlssoccer.com/news/mlssoccer-com-injury-report
Nikola Petkovic,Seattle Sounders (MLS),Soccer,"Seattle, Washington",MLS,ACL reconstruction surgery,Ruled out for the remainder of the 2026 season,64658,"prorated sunk cost (annual salary cap hit ~$200,000 per Capology ÷ 365 × 118 days out; days out estimated from date reported to 2026 MLS regular season end ~Nov 7)",Sounders lose a midfielder for the rest of the season,2026-07-12,MLSsoccer.com - Player Availability Report,https://www.mlssoccer.com/news/mlssoccer-com-injury-report
Emerson Hancock,Seattle Mariners (MLB),Baseball,"Seattle, Washington",MLB,Right middle finger contusion; negative X-rays,Day-to-day after exiting his start on July 12,6520,"prorated sunk cost (annual salary ~$793,300 per Spotrac ÷ 365 × 3 days out)",Mariners monitor a rotation piece heading toward the All-Star break,2026-07-12,MLB.com - Latest Mariners injuries and transactions,https://www.mlb.com/news/mariners-injuries-and-roster-moves
Will Wilson,Seattle Mariners (MLB),Baseball,"Seattle, Washington",MLB,Fractured left thumb,Pulled from his rehab assignment due to pain; may require season-ending surgery,166685,"prorated sunk cost (annual salary ~$780,000 per Spotrac ÷ 365 × 78 days out; possible season-ending surgery, days out estimated from date reported to MLB regular season end ~Sept 28)",Mariners' infield depth option now faces a possible lost season,2026-07-12,MLB.com - Latest Mariners injuries and transactions,https://www.mlb.com/news/mariners-injuries-and-roster-moves
Francisco Comesana,ATP Tour,Tennis,"N/A — individual tour athlete, no fixed team location",ATP Tour,Undisclosed injury,Withdrew from the Swiss Open Gstaad and a Challenger event in Germany,,"Not disclosed in available reporting — no specific prize money forfeiture figure found Potential prize money at stake (ceiling, not a claim of what the athlete would have won): €612,620 total tournament prize purse for the 2026 EFG Swiss Open Gstaad (per ATP Tour/Perfect Tennis).",Not disclosed in available reporting,2026-07-12,Last Word on Sports - Five Players Withdraw From the 2026 Swiss Open Gstaad,https://lastwordonsports.com/tennis/2026/07/12/five-players-withdraw-from-the-2026-swiss-open-gstaad/
Blaze Alexander,Baltimore Orioles (MLB),Baseball,"Baltimore, Maryland",MLB,"Non-displaced fracture in the left hand after being hit by a pitch from Royals reliever Lucas Erceg, sparking a benches-clearing incident",Expected to miss at least a month; season could be over if surgery is required,65178,"prorated sunk cost (annual salary ~$792,800 per Spotrac ÷ 365 × 30 days out) [estimate: 'at least a month' minimum]","Orioles lose a middle infielder for at least a month, with a risk of a season-ending outcome pending further evaluation",2026-07-12,MLB Trade Rumors - Orioles' Blaze Alexander Suffers Fractured Hand On HBP,https://www.mlbtraderumors.com/2026/07/orioles-blaze-alexander-suffers-fractured-hand-on-hbp.html
Zac Gallen,Arizona Diamondbacks (MLB),Baseball,"Phoenix, Arizona",MLB,Right elbow inflammation,"Placed on the 15-day injured list, retroactive to July 9",905205,prorated sunk cost (annual salary ~$22.025M per Spotrac ÷ 365 × 15 days out),Diamondbacks lose their staff ace for at least two turns through the rotation,2026-07-12,"Arizona Sports - Diamondbacks place RHP Zac Gallen on 15-day IL, recall Mitch Bratt",https://arizonasports.com/mlb/arizona-diamondbacks/zac-gallen-15-day-il-recall-mitch-bratt
Satou Sabally,New York Liberty (WNBA),Basketball,"Brooklyn, New York",WNBA,Concussion protocol after being elbowed in the face by Aces forward NaLyssa Smith while contesting a rebound; symptoms had delayed onset,Downgraded from questionable to out; remains in concussion protocol with no return timeline given,11164,"prorated sunk cost (annual salary ~$815K per Spotrac ÷ 365 × 5 days out) [assumption: concussion protocol with no return timeline, used 5-day undetermined default]",Liberty without their All-Star forward for multiple games as she works through the NBA/WNBA-mandated concussion protocol; notable given she also missed time with a concussion in the 2025 WNBA Finals,2026-07-11,Yahoo Sports - Liberty injury report: Star forward Satou Sabally in concussion protocol,https://sports.yahoo.com/articles/liberty-injury-report-star-forward-satou-sabally-in-concussion-protocol-224647068.html
Angel Reese,Atlanta Dream (WNBA),Basketball,"Atlanta, Georgia",WNBA,Lower leg/ankle injury sustained falling under the basket late in a win over the Seattle Storm,Listed questionable for the Dream's game vs. the Portland Fire; no firm return timeline given,2882,"prorated sunk cost (annual salary ~$350,692 per Spotrac ÷ 365 × 3 days out) [assumption: day-to-day questionable status]",Puts a third-straight All-Star selection and Dream's first year with Reese (acquired in an offseason trade from Chicago) at risk of interruption during a stretch where the team is trying to build momentum after a five-game losing streak,2026-07-11,CBS Sports - Portland Fire vs. Atlanta Dream preview: Dream seek momentum as Angel Reese is questionable with leg injury,https://www.cbssports.com/wnba/news/portland-fire-atlanta-dream-where-to-watch-angel-reese-injury/
Brionna Jones,Atlanta Dream (WNBA),Basketball,"Atlanta, Georgia",WNBA,Meniscus tear in the right knee suffered in late January while playing overseas for USK Prague; underwent knee surgery at Emory Hospital,"Ruled out to begin the 2026 season and remains sidelined into mid-July; not yet cleared for 5-on-5 drills and has no firm return timetable, though the team says she is expected to make a full recovery",153425,"prorated sunk cost (annual salary ~$1M per Spotrac ÷ 365 × 56 days out) [assumption: out since ~start of 2026 WNBA season (~May 16) through date reported (July 11), ~56 days]","Four-time All-Star center has yet to play a game for the Dream this season, a significant frontcourt loss to start the year",2026-07-11,"CBS News Atlanta - Atlanta Dream's Brionna Jones nearing return, expected back with team soon",https://www.cbsnews.com/atlanta/news/atlanta-dreams-brionna-jones-nearing-return-expected-back-with-team-next-week/
Leonie Fiebich,New York Liberty (WNBA),Basketball,"Brooklyn, New York",WNBA,Left foot soreness,"Ruled out for a second straight game, having missed her first game since May 25; no return timeline given",4021,"prorated sunk cost (annual salary ~$293,510 per Spotrac ÷ 365 × 5 days out) [assumption: no return timeline, used 5-day undetermined default]",Liberty forward sidelined for consecutive games amid a compressed schedule that includes a quick turnaround for a game in Toronto,2026-07-11,"Yahoo Sports - Final Injury Report for Liberty-Mystics: Will Satou Sabally, Leonie Fiebich Play?",https://sports.yahoo.com/articles/final-injury-report-liberty-mystics-150000047.html
Johan Manzambi,Switzerland National Team (2026 FIFA World Cup),Soccer,Switzerland,International Soccer,Left-knee injury suffered in training on the eve of the Round of 16 match vs. Colombia,Missed the Round of 16 win over Colombia and ruled out of the quarterfinal vs. Argentina; no return timeline given,,Not applicable — no fixed salary information available for this national-team context,"Major blow to Switzerland's attack: with Manzambi on the pitch during the group stage the team averaged 3.6 goals per 90 minutes (3 goals, 2 assists for him in 200 minutes); without him, Switzerland have scored just once and averaged 1.4 xG per 90 over 280 minutes",2026-07-11,ESPN - Switzerland's Johan Manzambi to miss Argentina World Cup quarterfinal clash - Murat Yakin,https://www.espn.com/soccer/story/_/id/49326340/switzerland-johan-manzambi-miss-argentina-world-cup-quarterfinal-clash-murat-yakin
Marc Guehi,England National Team (2026 FIFA World Cup),Soccer,England,International Soccer,Hamstring strain picked up in England's Round of 16 win over Mexico,Missed a training session in Kansas City but returned to training Friday and was confirmed available for the quarterfinal vs. Norway,,Not applicable — no fixed salary information available for this national-team context,"Created a late fitness scare for England's back line ahead of the quarterfinal, with Newcastle's Dan Burn on standby to deputize had Guehi been unavailable",2026-07-11,Sky Sports - World Cup 2026: England defender Marc Guehi a serious doubt for quarter-final clash with Norway,https://www.skysports.com/football/news/12016/13562168/world-cup-2026-england-defender-marc-guehi-a-serious-doubt-for-quarter-final-clash-with-norway
Nick Kurtz,Athletics (MLB),Baseball,"West Sacramento, California (Sutter Health Park; relocating to Las Vegas)",MLB,Right thumb capsule sprain,"Placed on the 10-day injured list, retroactive to July 10",21507,prorated sunk cost (annual salary ~$785K per Spotrac ÷ 365 × 10 days out) [10-day injured list stint],"Keeps the 2025 AL Rookie of the Year and scheduled AL All-Star starting first baseman (.266, 20 HR, 66 RBI, MLB-leading 76 walks) out of the July 14 All-Star Game in Philadelphia; catcher Brian Serven recalled from Triple-A in a corresponding move",2026-07-11,ESPN - Athletics All-Star 1B Nick Kurtz placed on IL with thumb sprain,https://www.espn.com/mlb/story/_/id/49334996/athletics-all-star-1b-nick-kurtz-placed-il-thumb-sprain
Nick Lodolo,Cincinnati Reds (MLB),Baseball,"Cincinnati, Ohio",MLB,"Blister on the left index finger (throwing hand); a recurring issue, his fourth stint on the IL for blisters dating back to 2024","Placed on the 15-day injured list; eligible to return July 27, though it could take longer depending on severity",194178,prorated sunk cost (annual salary ~$4.725M per Spotrac ÷ 365 × 15 days out) [15-day injured list stint],Reds turn to Rhett Lowder to fill Lodolo's rotation spot,2026-07-11,"MLB Trade Rumors - Reds Place Nick Lodolo On IL With Blister, Recall Chase Petty",https://www.mlbtraderumors.com/2026/07/reds-place-nick-lodolo-on-il-with-blister-recall-chase-petty.html
Bo Bichette,New York Mets (MLB),Baseball,"Queens (Flushing), New York",MLB,"General leg soreness and right ankle soreness, aggravated by fouling balls off his legs during a series in Atlanta",Held out of the lineup for a second straight game and available only off the bench; expected to use the following day and the All-Star break for a full reset rather than go on the injured list,345205,"prorated sunk cost (annual salary ~$42M (contract AAV) per Spotrac ÷ 365 × 3 days out) [assumption: day-to-day, not placed on IL, used 3-day estimate]","Mets manage his workload during a productive stretch (.320 avg, .788 OPS over his last 25 games) heading into the All-Star break",2026-07-11,Associated Press - Bo Bichette held out of Mets' lineup for second straight game with leg soreness,https://www.bakersfield.com/ap/sports/bo-bichette-held-out-of-mets-lineup-for-second-straight-game-with-leg-soreness/article_c615803d-891c-57fd-87ef-b86becfaf8cc.html
Conor McGregor,UFC,Mixed Martial Arts,"N/A — individual fighter, not tied to a team location",UFC,"Suspected torn ACL in the right knee, sustained throwing a kick just 69 seconds into his UFC 329 return bout; official diagnosis pending further medical evaluation",Fight stopped by the referee at 1:09 of round one; no recovery timeline given pending formal diagnosis,,"Not applicable — injury occurred during a completed, paid bout (referee stoppage), not a withdrawal from a future event, so no prize money was forfeited",Ends McGregor's much-hyped comeback fight against Max Holloway almost immediately and casts doubt on any near-term return to competition,2026-07-11,"NBC News - Conor McGregor suffers early knee injury in return, loses to Max Holloway at UFC 329",https://www.nbcnews.com/sports/ufc/conor-mcgregor-suffers-early-knee-injury-return-loses-max-holloway-ufc-rcna552729
Ezi Magbegor,Seattle Storm (WNBA),Basketball,"Seattle, Washington",WNBA,Facial fracture,Ruled out of the Storm's game vs. the Washington Mystics; to be reevaluated in the next couple of weeks,47945,prorated sunk cost (annual salary ~$1.25M per Spotrac ÷ 365 × 14 days out) [assumption: 'reevaluated in the next couple of weeks' = 2 weeks],Storm without their starting center/forward for at least the near term,2026-07-11,Seattle Times - Ezi Magbegor to miss Seattle Storm's game vs. Washington Mystics with face injury,https://www.seattletimes.com/sports/storm/ezi-magbegor-to-miss-seattle-storms-game-vs-washington-mystics-with-face-injury/
Konnor Griffin,Pittsburgh Pirates (MLB),Baseball,"Pittsburgh, Pennsylvania",MLB,"Torn tendon (sagittal band) in the left ring finger, sustained diving for a ball; initially placed on the 10-day IL and now transferred to the 60-day IL","8-10 week recovery timeline; ineligible to return until at least September 4; team opted for a non-operative approach, splinting the hand for about six weeks before resuming baseball activities",172603,"prorated sunk cost (annual salary ~$1M base salary per Spotrac ÷ 365 × 63 days out) [8-10 week recovery timeline, used midpoint of 9 weeks = 63 days; excludes one-time signing bonus from prorated base]","Pirates lose their rookie starting shortstop (the No. 1 overall pick in the 2024 draft) for an extended stretch, his second significant injury of the season after an earlier forearm strain",2026-07-11,CBS Sports - Pirates' Konnor Griffin: Moved to 60-day IL,https://www.cbssports.com/fantasy/baseball/news/pirates-konnor-griffin-moved-to-60-day-il/
Matt Gage,San Francisco Giants (MLB),Baseball,"San Francisco, California",MLB,Left elbow strain,On the 15-day IL since July 4; received a PRP injection on July 11 with re-evaluation in four weeks,65205,"prorated sunk cost (annual salary ~$850,000 per Spotrac ÷ 365 × 28 days out)",Giants lose a left-handed relief option for at least a month,2026-07-11,MLB.com - Latest Giants injuries & transactions,https://www.mlb.com/news/giants-injuries-and-roster-moves
Jorge Soler,Los Angeles Angels (MLB),Baseball,"Anaheim, California",MLB,Left oblique strain; scratched a day earlier with hip tightness,Placed on the 10-day injured list,356164,prorated sunk cost (annual salary ~$13M per Spotrac ÷ 365 × 10 days out),Angels lose their outfielder/DH for at least 10 days,2026-07-11,CBS Sports - Los Angeles Angels Injury Report and Status 2026,https://www.cbssports.com/mlb/teams/LAA/los-angeles-angels/injuries/
Alijah Martin,Toronto Raptors (NBA) — Las Vegas Summer League,Basketball,"Toronto, Ontario, Canada (team); Las Vegas, Nevada (Summer League site)",NBA Summer League,Knee inflammation,Ruled out of the Raptors' Summer League game vs. Houston on July 11; no firm return timeline given in available reporting,17961,"prorated sunk cost (annual salary ~$2.19M per Spotrac [2026-27 base salary on new 2-year deal] ÷ 365 × 3 days out) [assumption: single-game absence, no diagnosis timeline given, day-to-day default]","Raptors without a rotation guard for Summer League evaluation reps, joining fellow injury absentee Collin Murray-Boyles on the sideline",2026-07-11,"Yardbarker - Collin Murray-Boyles, Alijah Martin to miss Raptors' Summer League opener",https://www.yardbarker.com/nba/articles/collin_murray_boyles_alijah_martin_to_miss_raptors_summer_league_opener/s1_17733_44049064
Kylian Mbappé,Real Madrid (La Liga) / France National Team (2026 FIFA World Cup),Soccer,"Madrid, Spain",La Liga,"Grade 1 right ankle sprain, sustained from a tackle by Morocco's Issa Diop during France's World Cup quarterfinal win","Substituted in the 77th minute as a precaution; completed training since and expected to be fully available for France's semifinal vs. Spain — described as day-to-day, no games missed",277397,prorated sunk cost (annual salary ~€31.25M / ~$33.75M per Capology [EUR→USD @1.08] ÷ 365 × 3 days out) [day-to-day default; reporting indicates no games were actually missed],"Described as a fitness scare for France ahead of the semifinal, but Mbappé and the team said there is no concern about his availability",2026-07-11,Forbes - Kylian Mbappé Injury Update Before France's World Cup Semi Vs. Spain,https://www.forbes.com/sites/brucelee/2026/07/11/kylian-mbapp-ankle-injury-update-before-frances-world-cup-semi-vs-spain/
Collin Murray-Boyles,Toronto Raptors (NBA) — Las Vegas Summer League,Basketball,"Toronto, Ontario, Canada (team); Las Vegas, Nevada (Summer League site)",NBA Summer League,"Sprained thumb/finger, diagnosed after exiting a Summer League game against the Lakers",Ruled out of the Raptors' Summer League opener vs. Boston; next possible return targeted for the Houston game; full recovery timeline not specified in available reporting,86747,"prorated sunk cost (annual salary ~$6.33M per Spotrac ÷ 365 × 5 days out) [assumption: no firm return timeline reported, used 5-day undetermined default]","Raptors lose their 2025 first-round pick (9th overall) for early Summer League reps as a point-forward, part of his developmental push",2026-07-10,"Raptors Republic - Collin Murray-Boyles, Alijah Martin to miss Raptors' Summer League opener",https://raptorsrepublic.com/2026/07/10/collin-murray-boyles-alijah-martin-to-miss-raptors-summer-league-opener/
Shohei Ohtani,Los Angeles Dodgers (MLB),Baseball,"Los Angeles, California",MLB,"Left knee irritation/swelling, nursed since at least June 11","Scratched from his Friday, July 10 pitching start vs. Arizona and will skip the All-Star Game; scheduled to have the knee drained and possibly receive a pain-relieving injection during the break",575342,"prorated sunk cost (annual salary ~$70M (contract AAV) per Spotrac ÷ 365 × 3 days out) [assumption: day-to-day knee issue, skipping one start and the All-Star Game, no IL move reported]",Dodgers manage the two-way star's workload heading into the second half; Ohtani continued to DH and homered the same day he was scratched from pitching,2026-07-10,"ESPN - Shohei Ohtani dealing with knee irritation, to miss All-Star Game",https://www.espn.com/mlb/story/_/id/49327458/shohei-ohtani-dealing-knee-irritation-miss-all-star-game
Jayden Quaintance,San Antonio Spurs (NBA Summer League),Basketball,"San Antonio, Texas",NBA Summer League,Knee injury,Will sit out the entire 2026 NBA Summer League,106925,"prorated sunk cost (annual salary ~$3.9M per Spotrac ÷ 365 × 10 days out) [assumption: ruled out for entire 2026 NBA Summer League, ~July 10-20]",Spurs lose Summer League evaluation reps for their rookie,2026-07-10,Yahoo Sports - San Antonio Spurs Rookie Jayden Quaintance to Sit Out 2026 Summer League,https://sports.yahoo.com/articles/san-antonio-spurs-rookie-jayden-184347004.html
Matt Chapman,San Francisco Giants (MLB),Baseball,"San Francisco, California",MLB,Abdominal strain,On the 10-day IL since July 1; shut down through the weekend of July 10-12,684932,prorated sunk cost (annual salary ~$25M per Spotrac ÷ 365 × 10 days out),Giants lose their starting third baseman for an extended stretch,2026-07-10,MLB.com - Latest Giants injuries & transactions,https://www.mlb.com/news/giants-injuries-and-roster-moves
Victor Bericoto,San Francisco Giants (MLB),Baseball,"San Francisco, California",MLB,"Left oblique strain, exited a game on July 9",Diagnosed July 10; recovery timeline not yet disclosed,10685,"prorated sunk cost (annual salary ~$780,000 per Spotrac ÷ 365 × 5 days out; recovery timeline undisclosed, conservative 5-day default used)",Giants lose another outfield option amid multiple oblique injuries in the unit,2026-07-10,MLB.com - Latest Giants injuries & transactions,https://www.mlb.com/news/giants-injuries-and-roster-moves
Gout Gout,Athletics Australia (Track & Field),Athletics (Track & Field),Australia,Athletics Australia (national federation),Grade-three left hamstring tear suffered in training in Brisbane,"Ruled out for the remainder of the 2026 season, including the World Athletics U20 Championships (Aug. 5-9, Eugene, Oregon); targeting a return in 2027",,"Not disclosed in available reporting — no specific prize money forfeiture figure found Potential prize money at stake (ceiling, not a claim of what the athlete would have won): No prize purse — the World Athletics U20 Championships is a non-prize-money junior/development championship; World Athletics only awards prize money at senior-level events.",Removes the U20 200m world record holder from an anticipated showdown with American Tate Taylor at the World U20 Championships,2026-07-09,Olympics.com - Gout Gout to miss World U20 Championships and rest of the season with hamstring injury,https://www.olympics.com/en/news/gout-gout-injury-hamstring-world-athletics-under-20-championships
Harshit Rana,India National Cricket Team,Cricket,India,International Cricket,Hamstring injury sustained during the third T20I vs. England at Trent Bridge,Ruled out of the remaining 4th and 5th T20Is of the series by the BCCI Medical Team,,Not applicable — no fixed salary information available for this national-team context,"Deepens India's bowling injury crisis on the England tour, with Rana joining Varun Chakaravarthy, Hardik Pandya, and Nitish Kumar Reddy on the unavailable list",2026-07-09,"IANS - 4th T20I: Injured Rana, Chakaravarthy ruled out of remaining games against England",https://ianslive.in/4th-t20i-injured-rana-chakaravarthy-ruled-out-of-remaining-games-against-england--20260709215924
Varun Chakaravarthy,India National Cricket Team,Cricket,India,International Cricket,Hamstring injury sustained during the third T20I vs. England at Trent Bridge,Ruled out of the remaining 4th and 5th T20Is of the series by the BCCI Medical Team,,Not applicable — no fixed salary information available for this national-team context,India's frontline wrist-spinner is unavailable as the team's injury list grows on the England tour,2026-07-09,"IANS - 4th T20I: Injured Rana, Chakaravarthy ruled out of remaining games against England",https://ianslive.in/4th-t20i-injured-rana-chakaravarthy-ruled-out-of-remaining-games-against-england--20260709215924
Litton Das,Bangladesh national cricket team,Cricket,Bangladesh,International Cricket,Left calf injury; failed a fitness test ahead of the second ODI,Ruled out of the remainder of the ODI series vs. Zimbabwe; continuing rehab in Dhaka,,Not applicable — no fixed salary information available for this national-team context,Bangladesh loses their starting wicketkeeper-batter for the series; Parvez Hossain Emon named as replacement for the 2nd and 3rd ODIs,2026-07-09,The Nation - Injured Litton Das to miss rest of Zimbabwe ODI series,https://www.nation.com.pk/09-Jul-2026/injured-litton-das-miss-rest-zimbabwe-odi-series
Ravichandran Ashwin,San Francisco Unicorns (Major League Cricket),Cricket,"San Francisco Bay Area, California",Major League Cricket,Right knee injury,Ruled out for the remainder of MLC 2026; replaced by Peter Siddle,,Not disclosed — Major League Cricket does not publicly release individual player salaries/signing terms,Unicorns lose the veteran spinner after just one appearance this MLC season,2026-07-09,India TV News - Why is Ravichandran Ashwin ruled out of ongoing MLC 2026? San Francisco Unicorns announce replacement,https://www.indiatvnews.com/sports/cricket/why-is-ravichandran-ashwin-ruled-out-of-ongoing-mlc-2026-san-francisco-unicorns-announce-replacement-2026-07-09-1047737
Aaron Judge,New York Yankees (MLB),Baseball,"Bronx, New York",MLB,Stress fracture in right rib; has not played since May 31 and went on the injured list June 5,"Will have the rib reimaged during the All-Star break; no firm return date, GM Brian Cashman says he must be fully asymptomatic and show healing on imaging before resuming activity",547945,prorated sunk cost (annual salary ~$40M per Spotrac ÷ 365 × 5 days out),Yankees continue without their three-time AL MVP and captain in the middle of the lineup,2026-07-09,ESPN - Yankees' Aaron Judge to have rib reimaged during All-Star break,https://www.espn.com/mlb/story/_/id/49317023/yankees-aaron-judge-rib-reimaged-all-star-break
Mark Vientos,New York Mets (MLB),Baseball,"Queens (Flushing), New York",MLB,Fractured bone in right hand after being hit by a pitch from Michael Wacha,"Headed to the injured list; broken bones of this type typically take around six weeks to heal, though the Mets have not given an official timeline and have not yet said whether surgery is needed",93637,"prorated sunk cost (annual salary ~$813,750 per Spotrac ÷ 365 × 42 days out)","Mets lose a regular infielder/DH (.211, 11 HR, 35 RBI in 72 games) just ahead of the trade deadline",2026-07-09,amNewYork - Mark Vientos injury: Mets IF/DH headed to IL with hand fracture,https://www.amny.com/sports/mark-vientos-injury-mets-7-9-26/
Zack Gelof,Athletics (MLB),Baseball,"West Sacramento, California (Sutter Health Park; relocating to Las Vegas)",MLB,Deep cut underneath the right kneecap after colliding with the left field fence on a sliding catch; came just missed the tendon per the team,Left the July 9 game early; scheduled for an MRI on July 10 to confirm the extent of the injury,10479,"prorated sunk cost (annual salary ~$765,000 per Spotrac ÷ 365 × 5 days out)",Athletics risk losing an everyday infielder/outfielder who had an on-base streak of 27 straight games and a 13-game scoring streak snapped by the injury,2026-07-09,ESPN - Athletics' Gelof to have MRI on knee after sliding into fence,https://www.espn.com/mlb/story/_/id/49319837/athletics-gelof-mri-knee-sliding-fence
Chinelle Henry,West Indies Women's National Cricket Team,Cricket,West Indies (Caribbean),International Cricket,Exacerbation of a previous injury originally suffered fielding (stretchered off) in a T20 World Cup warm-up match in June,Ruled out of the Women's ODI tour of Ireland beginning July 10; no return timeline disclosed,,Not applicable — no fixed salary information available for this national-team context,West Indies lose their vice-captain and a key all-rounder; Realeanna Grimmond called up as her replacement for the Ireland series,2026-07-09,ESPNcricinfo - Realeanna Grimmond replaces injured Chinelle Henry in West Indies squad for Ireland Women's ODIs,https://www.espncricinfo.com/story/slug-1545066
Torstein Træen,Uno-X Mobility (Tour de France) — Norway,Cycling,Norway (team HQ),UCI WorldTeam / Tour de France,Concussion and multiple fractured ribs sustained in a crash on the descent of the Col du Tourmalet during stage 6,Withdrew from the Tour de France (did not start stage 7); no return timeline specified in available reporting,,"Not disclosed in available reporting — no specific prize money forfeiture figure found Potential prize money at stake (ceiling, not a claim of what the athlete would have won): €2,302,800 (~$2.6M) total prize fund for the 2026 Tour de France (per Domestique Cycling/Velo/Outside).",Uno-X Mobility loses the rider who had been wearing the race's yellow jersey after stage 5; Tadej Pogačar reclaimed the overall race lead the same day,2026-07-09,Cyclingnews - 'Not the ending we wanted for this yellow adventure' - Torstein Træen out of Tour de France due to injuries from Tourmalet crash,https://www.cyclingnews.com/pro-cycling/teams-riders/not-the-ending-we-wanted-for-this-yellow-adventure-torstein-traeen-out-of-tour-de-france-due-to-injuries-from-tourmalet-crash/
Alex Molenaar,Caja Rural-Seguros RGA (Tour de France) — Netherlands,Cycling,"Pamplona, Spain (team HQ)",UCI ProTeam / Tour de France,"Fracture of the first metacarpal in his right hand plus multiple contusions, sustained in a high-speed crash roughly 5km from the finish of stage 5; evaluated under concussion protocol after losing memory of the incident",Abandoned the Tour de France; did not start stage 6; recovery timeline not specified in available reporting,,"Not disclosed in available reporting — no specific prize money forfeiture figure found Potential prize money at stake (ceiling, not a claim of what the athlete would have won): €2,302,800 (~$2.6M) total prize fund for the 2026 Tour de France (per Domestique Cycling/Velo/Outside).",Caja Rural-Seguros RGA loses a rider mid-Tour,2026-07-09,Cycling Weekly - 'I don't remember the crash' – Caja Rural rider abandons Tour de France with fractured hand,https://www.cyclingweekly.com/racing/tour-de-france/i-dont-remember-the-crash-caja-rural-rider-abandons-tour-de-france-with-fractured-hand
Arvid de Kleijn,Tudor Pro Cycling Team (Tour de France) — Netherlands,Cycling,Switzerland (team HQ),UCI ProTeam / Tour de France,"Muscle tears sustained during the stage 1 team time trial, which hampered him for the rest of the race",Abandoned the Tour de France on stage 6 after struggling since the opening days; recovery timeline not specified in available reporting,,"Not disclosed in available reporting — no specific prize money forfeiture figure found Potential prize money at stake (ceiling, not a claim of what the athlete would have won): €2,302,800 (~$2.6M) total prize fund for the 2026 Tour de France (per Domestique Cycling/Velo/Outside).",Tudor Pro Cycling Team loses a rider mid-Tour after he battled to beat the time cut on multiple stages,2026-07-09,idlprocycling - Suffering ends: Arvid de Kleijn and Cian Uijtdebroeks abandon Tour de France,https://www.idlprocycling.com/cycling/suffering-ends-arvid-de-kleijn-and-cian-uijtdebroeks-abandon-tour-de-france
Carlos Alcaraz,ATP Tour,Tennis,"N/A — individual tour athlete, no fixed team location",ATP Tour,"Right-wrist tenosynovitis, forcing withdrawals from Madrid, Rome, Roland Garros, Queen's and Wimbledon; has worn a wrist brace since mid-April","Has pulled out of the ATP Montreal entry list and opted to prolong his comeback by two more weeks, targeting Cincinnati or the US Open for his return; recently resumed light on-court practice without a brace",,"Not disclosed in available reporting — no specific prize money forfeiture figure found Potential prize money at stake (ceiling, not a claim of what the athlete would have won): $9.42M total ATP prize money for the 2026 National Bank Open (Montreal) (per BetMGM Sports).",World No. 2 has now missed a full clay and grass swing including two Grand Slams; absence continues into the North American hard-court season,2026-07-09,Last Word On Tennis - Carlos Alcaraz Injury Update: Spaniard Pulls Out of ATP Montreal Entry List,https://lastwordonsports.com/tennis/2026/07/09/carlos-alcaraz-injury-update-spaniard-pulls-out-of-atp-montreal/
Max Domi,Toronto Maple Leafs (NHL),Hockey,"Toronto, Ontario, Canada",NHL,"Complications from an offseason surgery (undisclosed procedure, originally to address an issue played through in 2025-26); reportedly left him with severe mobility issues after the procedure","Out indefinitely; will be re-evaluated at the start of training camp in September, with availability for the 2026-27 season in question",616438,"prorated sunk cost (annual salary ~$3.75M AAV per Spotrac ÷ 365 × 60 days out) [assumption: 60 days used as the near-term horizon to the September training-camp re-evaluation date; reporting indicates his full 2026-27 season could be at risk if complications persist, which would raise this figure substantially]",Maple Leafs face uncertainty over a key veteran forward's availability for training camp and potentially the start of next season,2026-07-09,"NHL.com - Max Domi has 'complications' after surgery, out indefinitely for Maple Leafs",https://www.nhl.com/news/max-domi-has-complications-after-surgery-out-indefinitely-for-maple-leafs
Connor Bedard,Chicago Blackhawks (NHL),Hockey,"Chicago, Illinois",NHL,Surgery on left shoulder after an injury sustained during a practice session in Vancouver on July 2,Expected to need approximately four months to recover; will miss training camp and at least the start of the 2026-27 season,312329,"prorated sunk cost (2025-26 entry-level contract cap hit ~$950,000 per Spotrac/Puckpedia ÷ 365 × 120 days out [~4-month recovery])","Blackhawks will open the 2026-27 season, played under the NHL's expanded 84-game schedule, without their No. 1 center for at least the opening month",2026-07-08,NHL.com - Bedard to miss start of 2026-27 season for Blackhawks after shoulder surgery,https://www.nhl.com/news/connor-bedard-injury-status-update-july-8-2026
Aliyah Boston,Indiana Fever (WNBA),Basketball,"Indianapolis, Indiana",WNBA,Lower right leg injury,Listed out for the Fever's game vs. the LA Sparks; expected to be available for the following game vs. Phoenix,8219,prorated sunk cost (annual salary ~$1M per Spotrac ÷ 365 × 3 days out),"Fever forced to manage the availability of both Boston and Caitlin Clark during a back-to-back stretch; Boston, a voted-in 2026 All-Star starter, is having a career-best scoring season (17.1 ppg on 50.4% shooting) and was in danger of missing her first game since May 17",2026-07-08,Athlon Sports - Indiana Fever Announce Aliyah Boston Injury Update Before LA Sparks Game,https://athlonsports.com/wnba/indiana-fever/indiana-fever-announce-aliyah-boston-injury-update-la-sparks-game
Reece James,Chelsea FC (Premier League) / England National Team (2026 FIFA World Cup),Soccer,"London, England",Premier League,Hamstring injury sustained in England's final group-stage match vs. Ghana on June 23; described by reporting as worse than first thought,"Touch-and-go for England's July 11 World Cup quarterfinal vs. Norway; has missed England's last three matches and was the sole absentee from the team's final group training session, requiring final medical clearance just to be considered for the bench",85479,prorated sunk cost (annual salary ~£10.4M (~$10.4M gross fixed wages) per Capology ÷ 365 × 3 days out),"Compounds an England right-back crisis that worsened after Jarell Quansah's red card vs. Mexico, leaving manager Thomas Tuchel with very limited options at the position for the quarterfinal",2026-07-08,Sky Sports - England World Cup latest: Reece James in race to be fit for quarter-final clash with Norway to ease right-back crisis,https://www.skysports.com/football/news/11095/13561150/england-world-cup-latest-reece-james-in-race-to-be-fit-for-quarter-final-clash-with-norway-to-ease-right-back-crisis
Aurelien Tchouameni,Real Madrid (La Liga) / France National Team (2026 FIFA World Cup),Soccer,"Madrid, Spain",La Liga,"Muscle tear involving the left adductor and upper thigh, a recurrence of the groin/thigh issue that previously sidelined him for France's group-stage match vs. Iraq","Missed France's Round of 16 win over Paraguay; returned to partial team training on July 8, with a decision on his availability for the July 11 quarterfinal vs. Morocco pending",102740,prorated sunk cost (annual salary ~€12.5M gross (~$13.5M) per Capology ÷ 365 × 3 days out),"France's vice-captain and starting defensive midfielder is a doubt for the quarterfinal, with Manu Kone deputizing in his absence",2026-07-08,Sportskeeda - France handed huge injury boost as star man returns to training ahead of FIFA World Cup Q/F against Morocco,https://www.sportskeeda.com/football/rumor-france-handed-huge-injury-boost-star-man-returns-training-ahead-fifa-world-cup-q-f-morocco-reports
Mustafizur Rahman,Bangladesh National Cricket Team,Cricket,Bangladesh,International Cricket,"Grade 1 muscle tear in the right hamstring and meniscal degeneration in the right knee, felt while bowling in the first ODI vs. Zimbabwe","Ruled out for four weeks, covering the remainder of Bangladesh's tour of Zimbabwe (concluding July 19), including the T20I series; has returned home for rehab",,Not applicable — no fixed salary information available for this national-team context,Bangladesh lose a frontline pace bowler for the rest of the Zimbabwe tour,2026-07-08,ESPNcricinfo - Zim vs Ban: Mustafizur Rahman ruled out for four weeks with hamstring and knee injuries,https://www.espncricinfo.com/story/zim-vs-ban-mustafizur-rahman-ruled-out-for-four-weeks-with-hamstring-and-knee-injuries-1545065
Marco Raya,Minnesota Twins (MLB),Baseball,"Minneapolis, Minnesota",MLB,Right shoulder impingement,"Placed on 15-day IL July 8, retroactive to July 5",32055,"prorated sunk cost (annual salary ~$780,000 MLB minimum per Spotrac ÷ 365 × 15 days out)",Twins lose a pitching option for at least 15 days,2026-07-08,MLB.com - Latest Twins injuries & transactions,https://www.mlb.com/news/twins-injuries-and-roster-moves
Endy Rodriguez,Pittsburgh Pirates (MLB),Baseball,"Pittsburgh, Pennsylvania",MLB,Left glute strain,"Placed on 10-day IL July 8, retroactive to July 6",21370,"prorated sunk cost (annual salary ~$780,000 MLB minimum per Spotrac ÷ 365 × 10 days out)",Pirates lose their starting catcher for at least 10 days,2026-07-08,MLB Trade Rumors - Pirates Place Endy Rodriguez On Injured List,https://www.mlbtraderumors.com/2026/07/pirates-to-place-endy-rodriguez-on-injured-list.html
Taylor Fritz,ATP Tour,Tennis,"N/A — individual tour athlete, no fixed team location",ATP Tour,"Knee tendinitis flare-up, a recurring issue, three games into his Wimbledon quarterfinal","Played through the flare-up but lost the quarterfinal 6-4, 6-4, 6-2 to Alexander Zverev; no absence or further tournament withdrawal reported",,"Not disclosed in available reporting — no specific prize money forfeiture figure found Potential prize money at stake (ceiling, not a claim of what the athlete would have won): £64.2M (~$86.1M) total 2026 Wimbledon Championships prize money (per CBS Sports/ATP Tour) — this was a completed quarterfinal loss, not a withdrawal, so no forfeiture occurred.",Eliminated from Wimbledon; dropped to No. 10 in the ATP Live Rankings,2026-07-08,ESPN - Taylor Fritz loses at Wimbledon after knee tendinitis flares up,https://www.espn.com/tennis/story/_/id/49308826/taylor-fritz-loses-alexander-zverev-wimbledon-quarterfinals-knee-tendonitis-flares-up
Elvis Smylie,LIV Golf (Ripper GC) / DP World Tour,Golf,"N/A — individual tour athlete, no fixed team location",LIV Golf / DP World Tour,Rib injury,"Withdrew from the Genesis Scottish Open and The Open Championship at Royal Birkdale; announced an extended break from golf for rehabilitation, with no firm return timeline given",,"Not disclosed in available reporting — no specific prize money forfeiture figure found Potential prize money at stake (ceiling, not a claim of what the athlete would have won): $17.75M total tournament prize purse for the 2026 Open Championship at Royal Birkdale (per CBS Sports/Forbes).","Removes the Australian, who had qualified for his third Open Championship appearance, from the year's final men's major",2026-07-08,Today's Golfer - LIV Golf star withdraws on the eve of The Open,https://www.todays-golfer.com/news-and-events/majors/the-open-championship/elvis-smylie-liv-golf-withdrawal/
Jalen Brunson,New York Knicks (NBA),Basketball,"New York, New York",NBA,Surgery to repair a left wrist injury that he played through during the Knicks' championship playoff run,At least two months of rehab expected; targeting readiness for the start of the 2026-27 NBA season,6203757,prorated sunk cost (annual salary ~$37.74M per Spotrac ÷ 365 × 60 days out),"Reigning Finals MVP and starting point guard sidelined for part of the offseason program, though expected back for training camp",2026-07-07,"Yahoo Sports - Knicks superstar Jalen Brunson undergoes left wrist surgery, expected to be ready for 2026-27 NBA season",https://sports.yahoo.com/nba/breaking-news/article/knicks-superstar-jalen-brunson-undergoes-left-wrist-surgery-expected-to-be-ready-for-2026-27-nba-season-155927234.html
Amadou Onana,Aston Villa (Premier League) / Belgium National Team (2026 FIFA World Cup),Soccer,"Birmingham, England",Premier League,"Torn anterior cruciate ligament (ACL), sustained in the 21st minute of Belgium's Round of 16 win over the United States after a challenge with Christian Pulisic",Ruled out for the remainder of the World Cup; reported to be facing up to eight months out,6414378,prorated sunk cost (annual salary ~$9.76M per Capology (GBP→USD @1.34) ÷ 365 × 240 days out),"Belgium loses a key defensive midfielder ahead of their World Cup quarterfinal vs. Spain, and Aston Villa will be without him for a significant part of the 2026-27 season",2026-07-07,ESPN - Belgium's Amadou Onana out of World Cup after suffering ACL injury,https://www.espn.com/soccer/story/_/id/49298508/belgium-amadou-onana-world-cup-suffering-acl-injury
Giancarlo Stanton,New York Yankees (MLB),Baseball,"Bronx, New York",MLB,Right calf strain (originally suffered running the bases on April 24 vs. the Astros); recent rehab setback after re-aggravating the calf during a running progression,"No firm timeline; has not resumed running since the setback, no target return date given",397260,prorated sunk cost (annual salary ~$29.00M per Spotrac ÷ 365 × 5 days out),Yankees continue without their veteran slugger amid an offense that has struggled with injuries; manager Aaron Boone still expects him back at some point in 2026,2026-07-07,Last Word on Sports - Stanton Injury Update: Slugger Yet To Resume Rehab On Calf,https://lastwordonsports.com/baseball/2026/07/07/nyy-stanton-injury-update/
Matteo Berrettini,ATP Tour,Tennis,"N/A — individual tour athlete, no fixed team location",ATP Tour,"Diagnosed with chronic hip pain, a recurrence of the left hip issue that forced his retirement from his Roland Garros quarterfinal in early June","Withdrawing from the ATP tournaments in Gstaad and Kitzbuhel to rest on medical advice, with the goal of being ready for the US hard-court swing culminating in the US Open; no firm return date given",,"Not disclosed in available reporting — no specific prize money forfeiture figure found Potential prize money at stake (ceiling, not a claim of what the athlete would have won): €612,620 total prize money for the 2026 ATP Gstaad (Swiss Open), and €612,620 for the 2026 ATP Kitzbuhel (Generali Open) — both ATP 250 events he withdrew from (per ATP Tour/Perfect Tennis).",Removes him from the draw at both tournaments immediately following his third-round Wimbledon loss to Grigor Dimitrov,2026-07-07,"Puntodebreak - Berrettini withdraws from competing in upcoming tournaments due to ""chronic hip pain""",https://www.puntodebreak.com/en/2026/07/07/berrettini-withdraws-from-competing-in-upcoming-tournaments-due-to-chronic-hip-pain
Skylar Diggins,Chicago Sky (WNBA),Basketball,"Chicago, Illinois",WNBA,Right knee injury; Diggins has said a knee surgery from last October has contributed to ongoing strain,Ruled out for the July 7 game vs. Phoenix Mercury; no return timeline given,7562,"prorated sunk cost (annual salary ~$920,000 per Spotrac ÷ 365 × 3 days out)","Comes as Diggins was moved to the bench for the first time in a decade, ending a streak of 341 consecutive starts; Sky beat Phoenix 77-66 in her absence",2026-07-07,"Yahoo Sports - Sky's Skylar Diggins ruled out (knee) after being benched, Vandersloot starting",https://sports.yahoo.com/articles/skys-skylar-diggins-ruled-vs-010259203.html
Emma Raducanu,WTA Tour,Tennis,"N/A — individual tour athlete, no fixed team location",WTA Tour,Stress fracture in lower right leg (ankle area); withdrew hours before her scheduled first-round match,"Ruled out of Wimbledon 2026; still on crutches and wearing a protective boot several days after withdrawal, no return timeline given",53600,"forfeited guaranteed prize money — 50% of the £80,000 first-round Wimbledon payout, per WTA withdrawal rules (per GB News / Tennis365)",Removes a top British draw from the tournament,2026-07-06,Yardbarker - Emma Raducanu setback deepens as British star remains on crutches after Wimbledon withdrawal,https://www.yardbarker.com/tennis/articles/emma_raducanu_setback_deepens_as_british_star_remains_on_crutches_after_wimbledon_withdrawal/s1_17460_44037038
Jordan Henderson,England National Team (2026 FIFA World Cup),Soccer,England,International Soccer,Wrist fracture sustained in a freak fall while celebrating England's Round of 16 win over Mexico; reportedly requires surgery,Ruled out for the remainder of the 2026 World Cup; exact surgery date and recovery length not yet specified,,Not applicable — no fixed salary information available for this national-team context,"England advance to the quarterfinals without an experienced veteran midfielder, compounding a growing injury list",2026-07-06,ESPN - England's Henderson hospitalized with wrist injury during celebration,https://www.espn.com/soccer/story/_/id/49283507/jordan-henderson-taken-hospital-wrist-injury-falling-mexico-victory-celebrations-england-world-cup
Santiago Gimenez,AC Milan (Serie A) / Mexico National Team,Soccer,"Milan, Italy",Serie A,"Grade II right ankle sprain suffered in stoppage time of Mexico's Round of 16 loss to England; hospitalized, but avoided fracture and ligament damage",Not yet specified by club or national team,72304,prorated sunk cost (annual salary ~$5.28M per Capology (EUR→USD @1.14) ÷ 365 × 5 days out),Injury compounds Mexico's World Cup elimination and raises concern over his fitness for AC Milan's preseason,2026-07-06,beIN Sports - Adding insult to injury! Santiago Gimenez suffers injury during Mexico's loss to England,https://www.beinsports.com/en-us/soccer/fifa-world-cup-2026/articles/adding-insult-to-injury-santiago-gimenez-suffers-injury-during-mexico-s-loss-to-england-2026-07-06
Ismael Saibari,"Bayern Munich (Bundesliga, incoming) / Morocco National Team (2026 FIFA World Cup)",Soccer,"Munich, Germany",Bundesliga,Hamstring injury (minor muscle issue per medical tests; serious strain ruled out) suffered in the 22nd minute of Morocco's Round of 16 win over Canada,Day-to-day pending fitness test; final decision on availability for the World Cup quarterfinal vs. France expected only hours before kickoff,48723,prorated sunk cost (annual base salary ~€5.2M / ~$5.93M per Capology (EUR→USD @1.14) ÷ 365 × 3 days out),Morocco risks losing their top attacking threat (three group-stage goals) for the biggest match of their World Cup run,2026-07-06,The National - Ismael Saibari fitness concern for Morocco ahead of France World Cup quarter-final clash,https://www.thenationalnews.com/sport/world-cup-2026/2026/07/06/ismael-saibari-fitness-concern-for-morocco-ahead-of-france-world-cup-quarter-final-clash/
A'ja Wilson,Las Vegas Aces (WNBA),Basketball,"Las Vegas, Nevada",WNBA,Foot injury sustained in a game against the Chicago Sky,"Missed 3 games; coach Becky Hammon said she could have played if it were a playoff game, suggesting an imminent return",11507,prorated sunk cost (annual salary ~$1.40M per Spotrac ÷ 365 × 3 days out),"Aces without their All-Star forward/center for a short stretch, including a loss to Indiana",2026-07-06,Northwest Arkansas Democrat-Gazette - Injuries taking toll throughout WNBA,https://www.nwaonline.com/news/2026/jul/07/injuries-taking-toll-throughout-wnba/
Caitlin Clark,Indiana Fever (WNBA),Basketball,"Indianapolis, Indiana",WNBA,Aggravated back injury,Has resumed practicing; no confirmed timeline yet for a game return,4347,"prorated sunk cost (annual salary ~$528,846 per Spotrac ÷ 365 × 3 days out)",Fever have played without their All-Star starting guard for an extended stretch,2026-07-06,Northwest Arkansas Democrat-Gazette - Injuries taking toll throughout WNBA,https://www.nwaonline.com/news/2026/jul/07/injuries-taking-toll-throughout-wnba/
Napheesa Collier,Minnesota Lynx (WNBA),Basketball,"Minneapolis, Minnesota",WNBA,Offseason surgery on both ankles,Has yet to play in the 2026 season; recently resumed practicing,11507,prorated sunk cost (annual salary ~$1.4M per Spotrac ÷ 365 × 3 days out),Lynx have been without their All-Star forward for the entire season to date,2026-07-06,Northwest Arkansas Democrat-Gazette - Injuries taking toll throughout WNBA,https://www.nwaonline.com/news/2026/jul/07/injuries-taking-toll-throughout-wnba/
Lexi Thompson,LPGA Tour,Golf,"N/A — individual tour athlete, no fixed team location",LPGA Tour,Persistent hip pain/suspected hip injury,"Withdrew from the KPMG Women's PGA Championship at Hazeltine National, after also sitting out the Meijer LPGA Classic with the same issue; no return timeline given",,"Not disclosed in available reporting — no specific prize money forfeiture figure found Potential prize money at stake (ceiling, not a claim of what the athlete would have won): $13M total tournament prize purse for the 2026 KPMG Women's PGA Championship at Hazeltine National (per Golf Channel/GolfDigest).","Ends a 15-tournament appearance streak at the Women's PGA Championship, a run that included four career top-10 finishes; Carolina Chacarra took her place in the field",2026-07-06,Golf Digest - Lexi Thompson withdraws from KPMG Women's PGA Championship,https://www.golfdigest.com/story/lexi-thompson-withdraws-kpmg-womens-pga-championship
Jonah Cox,San Francisco Giants (MLB),Baseball,"San Francisco, California",MLB,Left oblique strain,"Placed on the 10-day injured list, retroactive to July 6; expected return in the second half of the season",8219,"prorated sunk cost (annual salary ~$300,000 per Spotrac ÷ 365 × 10 days out)",Giants lose an outfielder for at least the minimum IL stint,2026-07-06,MLB.com - Latest Giants injuries & transactions,https://www.mlb.com/news/giants-injuries-and-roster-moves
Byron Buxton,Minnesota Twins (MLB),Baseball,"Minneapolis, Minnesota",MLB,Aggravated hip injury while being caught stealing in the 1st inning vs. Yankees,Day-to-day; had already missed 4 games earlier in the week with the same hip issue,123288,prorated sunk cost (annual salary ~$15.00M per Spotrac ÷ 365 × 3 days out),Twins lose their 2026 All-Star outfielder from the lineup for an undetermined stretch,2026-07-05,"Yardbarker - 2026 Injury Report: Updates on Buxton, Suarez, Chisholm Jr.",https://www.yardbarker.com/mlb/articles/2026_injury_report_updates_on_buxton_suarez_chisholm_jr/s1_17653_44031703
Jazz Chisholm Jr.,New York Yankees (MLB),Baseball,"Bronx, New York",MLB,"Right toe discomfort, noticed jogging gingerly to first base after a fly out",Being monitored day-to-day; no IL move confirmed yet,83836,prorated sunk cost (annual salary ~$10.20M per Spotrac ÷ 365 × 3 days out),Risk of losing Yankees' starting second baseman if it worsens,2026-07-05,"Yardbarker - 2026 Injury Report: Updates on Buxton, Suarez, Chisholm Jr.",https://www.yardbarker.com/mlb/articles/2026_injury_report_updates_on_buxton_suarez_chisholm_jr/s1_17653_44031703
Ranger Suarez,Philadelphia Phillies (MLB),Baseball,"Philadelphia, Pennsylvania",MLB,"Left adductor tightness, pulled early from start vs. Angels","Undetermined, pending further evaluation",95890,prorated sunk cost (annual salary ~$7.00M per Spotrac ÷ 365 × 5 days out),Phillies could lose their 2026 AL All-Star-caliber starter from the rotation,2026-07-05,"Yardbarker - 2026 Injury Report: Updates on Buxton, Suarez, Chisholm Jr.",https://www.yardbarker.com/mlb/articles/2026_injury_report_updates_on_buxton_suarez_chisholm_jr/s1_17653_44031703
Brandon Woodruff,Milwaukee Brewers (MLB),Baseball,"Milwaukee, Wisconsin",MLB,Right shoulder inflammation,Placed on 15-day Injured List (minimum),905137,prorated sunk cost (annual salary ~$22.02M per Spotrac ÷ 365 × 15 days out),Brewers rotation loses a top starter for at least two full turns,2026-07-05,Covers - MLB Injuries 2026,https://www.covers.com/sport/baseball/mlb/injuries
Triston Casas,Boston Red Sox (MLB),Baseball,"Boston, Massachusetts",MLB,Torn right patellar tendon (out since May); recently shut down from hitting progression,Likely season-ending; setback in rehab timeline,374932,prorated sunk cost (annual salary ~$1.61M per Spotrac ÷ 365 × 85 days out),Red Sox lose starting first baseman for the remainder of the 2026 season,2026-07-05,"Yardbarker - 2026 Injury Report: Updates on Buxton, Suarez, Chisholm Jr.",https://www.yardbarker.com/mlb/articles/2026_injury_report_updates_on_buxton_suarez_chisholm_jr/s1_17653_44031703
Olivia Miles,Minnesota Lynx (WNBA),Basketball,"Minneapolis, Minnesota",WNBA,"Calf strain suffered during a July 3 game vs. the New York Liberty, possibly linked to in-game cramping","Ruled out of the Lynx's game vs. Connecticut on July 6, the first game of her WNBA career she has missed; no firm timetable given, though signs point to a quick recovery",3838,"prorated sunk cost (annual salary ~$466,913 per Spotrac/On3 ÷ 365 × 3 days out) [assumption: day-to-day, signs point to quick recovery]","Costly absence for a Lynx team leaning on its rookie floor general; came a day after Miles was named a starter for the 2026 WNBA All-Star Game and while she remains a near-lock for Rookie of the Year (18.5 ppg, 4.8 rpg, 5.7 apg)",2026-07-05,ESPN - Olivia Miles sidelined Monday against Sun with calf injury,https://www.espn.com/wnba/story/_/id/49287945/olivia-miles-sidelined-monday-sun-calf-injury
Serena Williams,WTA Tour,Tennis,"N/A — individual tour athlete, no fixed team location",WTA Tour,Right knee injury tweaked at the end of the first set of her Wimbledon singles match against Maya Joint; postmatch video showed four syringes of fluid drained from the knee,Withdrew from the Wimbledon doubles draw alongside sister Venus Williams; no return timeline given,,"Not disclosed in available reporting — no specific prize money forfeiture figure found Potential prize money at stake (ceiling, not a claim of what the athlete would have won): £64.2M (~$86.1M) total 2026 Wimbledon Championships prize money (per CBS Sports/ATP Tour) — she withdrew from the doubles draw specifically, not the whole event's purse.","Ends a highly anticipated comeback pairing with Venus Williams in doubles, coming during Serena's first singles match in nearly four years",2026-07-04,NBC News - Serena Williams withdraws from Wimbledon doubles competition after knee injury,https://www.nbcnews.com/sports/tennis/serena-williams-withdraws-wimbledon-rcna352965
James Maddison,Tottenham Hotspur (Premier League),Soccer,"London, England",Premier League,ACL reconstruction rehab (returning from tear),Ongoing; currently restricted to 20-25 minutes per match,162268,prorated sunk cost (annual salary ~$11.85M per Capology (GBP→USD @1.34) ÷ 365 × 5 days out),"Spurs managing his minutes carefully, limiting his impact as a starter",2026-07-02,Premier League club injury coverage,https://www.premierleague.com/en/latest-player-injuries
Seamus Power,PGA Tour,Golf,"N/A — individual tour athlete, no fixed team location",PGA Tour,Recurrence of long-standing back and hip issues he has dealt with since 2023,Withdrew after an opening-round 6-over 77 at the John Deere Classic on July 2; no return timeline given,,"Not disclosed in available reporting — no specific prize money forfeiture figure found Potential prize money at stake (ceiling, not a claim of what the athlete would have won): $8.8M total tournament prize purse for the 2026 John Deere Classic (per Golf Channel/PGA Tour).",Removes a two-time PGA Tour winner from the field partway through the event,2026-07-02,Golfmagic - Two-time PGA Tour winner forced out of John Deere Classic as injury problems strike again,https://www.golfmagic.com/tour/pga-tour/two-time-pga-tour-winner-forced-out-john-deere-classic-injury-problems-strike-again
Nahikari Garcia,Denver Summit FC (NWSL),Soccer,"Denver, Colorado",NWSL,Season-ending knee (ACL) injury,Out for the remainder of the 2026 NWSL season,,Not disclosed — NWSL player salaries are confidential under the league/NWSLPA collective bargaining agreement and not publicly released,Denver Summit FC lose a starter for the rest of the season,2026-07-02,Spotrac - 2026 NWSL Injured Tracker,https://www.spotrac.com/nwsl/injured/_/year/2026
Patrick Rodgers,PGA Tour,Golf,"N/A — individual tour athlete, no fixed team location",PGA Tour,Back injury,Withdrew from the John Deere Classic prior to the first round on July 2; no recovery timeline disclosed,,"Not disclosed in available reporting — no specific prize money forfeiture figure found Potential prize money at stake (ceiling, not a claim of what the athlete would have won): $8.8M total tournament prize purse for the 2026 John Deere Classic (per Golf Channel).",Not disclosed in available reporting,2026-07-02,Golf Monthly - Pro Withdraws From John Deere Classic Hours Before First Round,https://www.golfmonthly.com/news/patrick-rodgers-withdraws-john-deere-classic-2026
Brandon Ingram,Toronto Raptors (NBA),Basketball,"Toronto, Ontario, Canada",NBA,Recovering from offseason surgery (lower body),"Expected back for training camp, fall 2026",9424658,prorated sunk cost (annual salary ~$40.00M per Spotrac ÷ 365 × 86 days out),Raptors plan around his absence through the offseason program,2026-07-01,Bleacher Report - Brandon Ingram Injury Update Provided by Raptors After Surgery,https://bleacherreport.com/articles/25426220-brandon-ingram-injury-update-provided-raptors-after-surgery-latest-timeline-2026-nba-season
Josh Giddey,Chicago Bulls (NBA),Basketball,"Chicago, Illinois",NBA,Arthroscopic surgery on right ankle,~3 months to resume basketball activities; targeting training camp,6164384,prorated sunk cost (annual salary ~$25.00M per Spotrac ÷ 365 × 90 days out),Bulls lose a starting guard for the entire offseason program,2026-07-01,Bleacher Report - Josh Giddey Injury Update Provided by Bulls After Ankle Surgery,https://bleacherreport.com/articles/25427505-josh-giddey-injury-update-provided-bulls-after-ankle-surgery-latest-timeline-2026-nba-season
Corey Seager,Texas Rangers (MLB),Baseball,"Arlington, Texas",MLB,Recurrence of lower back inflammation; his third injured list stint of the 2026 season (previously missed time with the same back issue and with a concussion),Placed on the 10-day injured list,849315,prorated sunk cost (annual salary ~$31.00M per Spotrac ÷ 365 × 10 days out),"Rangers lose their star shortstop again, continuing a season of infield instability; Josh Smith recalled from Triple-A as replacement",2026-07-01,ESPN - Rangers' Corey Seager back on IL with lower back inflammation,https://www.espn.com/mlb/story/_/id/49238350/rangers-corey-seager-back-il-lower-back-inflammation
Brent Rooker,Athletics (MLB),Baseball,"West Sacramento, California (Sutter Health Park; relocating to Las Vegas)",MLB,"Cartilage tear in left knee, discovered during an examination at Stanford; requires season-ending surgery",Season-ending; hadn't played since June 8 and had been on the injured list since June 9,1463014,prorated sunk cost (annual salary ~$6.00M per Spotrac ÷ 365 × 89 days out),Athletics lose their two-time All-Star middle-of-the-order bat for the remainder of the 2026 season,2026-07-01,ESPN - A's slugger Brent Rooker to have season-ending left knee surgery,https://www.espn.com/mlb/story/_/id/49244022/a-slugger-brent-rooker-season-ending-left-knee-surgery
JuJu Watkins,USC Trojans (NCAA Division I Women's Basketball),Basketball,"Los Angeles, California",NCAA Division I Women's Basketball,Recovering from a torn ACL that cost her the entire 2025-26 season,Returned to the court roughly 14 months after the injury,,"Not applicable — NCAA athlete, no fixed salary",USC gets back its star guard after a full season lost to the injury,2026-07-01,Fox Sports - 2026-2027 College Basketball Offseason Buzz,https://www.foxsports.com/stories/college-basketball/college-basketball-2026-2027-buzz-news-injuries-transfers
Donnie Freeman,St. John's University (NCAA Division I Men's Basketball),Basketball,"Queens, New York",NCAA Division I Men's Basketball,"Torn right Achilles tendon, a non-contact injury suffered during a summer workout; underwent successful surgery performed by Dr. Martin O'Malley",Will miss the entire 2026-27 season,,"Not applicable — NCAA athlete, no fixed salary","Major setback for coach Rick Pitino and St. John's, who added the rising junior forward as a transfer-portal pickup this offseason; Freeman averaged 16.5 points and 7.2 rebounds last season at Syracuse",2026-07-01,The Washington Post - St. John's Donnie Freeman to miss next season following surgery on Achilles tendon,https://www.washingtonpost.com/sports/colleges/2026/07/01/st-johns-donnie-freeman-achilles-injury-pitino/81e54c60-75c4-11f1-b665-5f8be87f3787_story.html
Cole Ragans,Kansas City Royals (MLB),Baseball,"Kansas City, Missouri",MLB,Left elbow UCL tear,Underwent UCL repair surgery July 1; 10-12 month recovery timeline,4068493,"prorated sunk cost (annual salary ~$4.5M per Spotrac ÷ 365 × 330 days out; 10-12 month recovery timeline, midpoint of 11 months used)",Royals lose their staff ace for the remainder of 2026 and into 2027,2026-07-01,CBS Sports - Kansas City Royals Injury Report and Status 2026,https://www.cbssports.com/mlb/teams/KC/kansas-city-royals/injuries/
Jaren Jackson Jr.,Memphis Grizzlies (NBA),Basketball,"Memphis, Tennessee",NBA,Turf toe surgery (right foot),Re-evaluation in approximately 12 weeks,10632329,prorated sunk cost (annual salary ~$46.20M per Spotrac ÷ 365 × 84 days out),Grizzlies lose their All-Star big man through the offseason and possibly into training camp,2026-06-30,NBA.com - Grizzlies' Jaren Jackson Jr. has surgery to repair turf toe injury,https://www.nba.com/news/memphis-grizzlies-jaren-jackson-jr-turf-toe-surgery
Manuel Ugarte,Manchester United (Premier League) / Uruguay National Team,Soccer,"Manchester, England",Premier League,Knee ligament injury suffered vs. Spain at the World Cup; possible cruciate ligament (ACL) damage,Potentially several months if ACL is confirmed,2749019,prorated sunk cost (annual salary ~$8.36M per Capology (GBP→USD @1.34) ÷ 365 × 120 days out),Would be a significant blow to Manchester United's midfield depth heading into 2026-27,2026-06-28,Premier League club injury coverage,https://www.premierleague.com/en/latest-player-injuries
Rodri,Manchester City (Premier League),Soccer,"Manchester, England",Premier League,Undisclosed injury expected to require surgery after the World Cup,Out for the opening weeks of the 2026-27 season,881977,prorated sunk cost (annual salary ~$15.33M per Capology (GBP→USD @1.34) ÷ 365 × 21 days out),Manchester City to start the new season without their midfield anchor,2026-06-27,Premier League club injury coverage,https://www.premierleague.com/en/latest-player-injuries
Kelsey Plum,Los Angeles Sparks (WNBA),Basketball,"Los Angeles, California",WNBA,Lower leg injury,Ruled out for at least 4 weeks as of late June; All-Star Game (July 25) status still to be decided,76712,"prorated sunk cost (annual salary ~$999,999 per Spotrac ÷ 365 × 28 days out)",Sparks lose a starting guard through their All-Star break stretch,2026-06-27,"Bleacher Report - Angel Reese, Kelsey Plum Headline 2026 WNBA All-Star Game Reserves",https://bleacherreport.com/articles/25452286-angel-reese-kelsey-plum-headline-2026-wnba-all-star-game-reserves-full-roster-announced
Seth Jarvis,Carolina Hurricanes (NHL),Hockey,"Raleigh, North Carolina",NHL,"Shoulder surgery, the same shoulder that had a torn labrum and rotator cuff during the 2023-24 season","Expected recovery of approximately 4-6 months, meaning the earliest return would be late October",3246575,prorated sunk cost (annual salary ~$7.9M AAV per Spotrac ÷ 365 × 150 days out),Hurricanes will be without a top-six forward for the start of the 2026-27 season,2026-06-27,NHL.com - Jarvis expected to miss start of next season for Hurricanes after shoulder surgery,https://www.nhl.com/news/seth-jarvis-to-miss-beginning-of-2026-2027-season-for-hurricanes-after-shoulder-surgery
Bradley Beal,LA Clippers (NBA),Basketball,"Inglewood (Los Angeles), California",NBA,Hip fracture requiring season-ending surgery,Season-ending; recovery expected to extend into 2026-27 preseason,1416976,prorated sunk cost (annual salary ~$5.62M per Spotrac ÷ 365 × 92 days out),Clippers lose a veteran guard for the balance of the season and into next year's planning,2026-06-25,NBA.com - Clippers' Bradley Beal (hip) to undergo season-ending surgery,https://www.nba.com/news/clippers-bradley-beal-out-season-hip-fracture
Bejlek,WTA Tour,Tennis,"N/A — individual tour athlete, no fixed team location",WTA Tour,Elbow injury,Withdrew mid-tournament from Eastbourne,,"Not disclosed in available reporting — no specific prize money forfeiture figure found Potential prize money at stake (ceiling, not a claim of what the athlete would have won): $499,000 total tournament prize purse for the 2026 Lexus Eastbourne Open (WTA 250) (per LTA/WTA reporting).",Opponent Zeynep Sonmez advances by walkover,2026-06-24,RotoWire - Fantasy Tennis Injury News,https://www.rotowire.com/tennis/news.php?view=injuries
Matthijs de Ligt,Manchester United (Premier League),Soccer,"Manchester, England",Premier League,Surgery on a long-standing back injury,Will miss the 2026 World Cup; club return timeline unconfirmed,185397,prorated sunk cost (annual salary ~$13.53M per Capology (GBP→USD @1.34) ÷ 365 × 5 days out),United lose a starting center-back for an extended stretch,2026-06-20,Premier League club injury coverage,https://www.premierleague.com/en/latest-player-injuries
Elina Svitolina,WTA Tour,Tennis,"N/A — individual tour athlete, no fixed team location",WTA Tour,Hip injury,Withdrew before her Bad Homburg quarterfinal,,"Not disclosed in available reporting — no specific prize money forfeiture figure found Potential prize money at stake (ceiling, not a claim of what the athlete would have won): $1.2M total tournament prize purse ($1,206,446 / €1,049,083) for the 2026 Bad Homburg Open (per Perfect Tennis/WTA).",Opponent Xinyu Wang advances by walkover,2026-06-20,RotoWire - Fantasy Tennis Injury News,https://www.rotowire.com/tennis/news.php?view=injuries
Chris Richards,Crystal Palace (Premier League) / USMNT,Soccer,"London, England",Premier League,Torn ankle ligaments (two ligaments) suffered vs. Brentford,Expected to recover in time for the 2026 World Cup,52499,prorated sunk cost (annual salary ~$3.83M per Capology (GBP→USD @1.34) ÷ 365 × 5 days out),Crystal Palace lose a starting center-back for a multi-week stretch,2026-06-15,Premier League club injury coverage,https://www.premierleague.com/en/latest-player-injuries
Chloe Ricketts,Boston Legacy FC (NWSL),Soccer,"Boston, Massachusetts",NWSL,Ankle injury,Placed on the 45-day short-term injury list,,Not disclosed — NWSL player salaries are confidential under the league/NWSLPA collective bargaining agreement and not publicly released,Boston Legacy FC without a rostered defender for at least 45 days,2026-06-15,Washington Spirit / NWSL transactions coverage,https://www.spotrac.com/nwsl/injured/_/year/2026
